Dataset,Duration,Speakers,Overlapping Speech,SNR,File
MSDWild Few,0.631,4,7,5,00143
MSDWild Few,0.521,2,9,8,00284
MSDWild Few,0.806,3,1,15,01450
MSDWild Few,3.631,2,7,16,01230
MSDWild Few,0.37,3,25,10,00407
MSDWild Few,1.033,4,25,13,00250
MSDWild Few,1.335,3,3,22,02147
MSDWild Few,0.749,2,0,18,00979
MSDWild Few,0.492,3,10,1,02249
MSDWild Few,0.84,3,8,7,00583
MSDWild Few,0.586,4,19,9,02262
MSDWild Few,0.684,2,5,10,01226
MSDWild Few,0.521,3,7,2,01776
MSDWild Few,0.375,2,0,13,02432
MSDWild Few,0.337,2,8,27,02905
MSDWild Few,1.679,4,0,7,02731
MSDWild Few,0.738,3,6,10,02095
MSDWild Few,0.368,2,8,5,02622
MSDWild Few,0.345,2,1,4,02452
MSDWild Few,0.927,2,5,2,02057
MSDWild Few,0.942,2,0,25,00142
MSDWild Few,1.993,2,2,2,00479
MSDWild Few,0.654,2,11,13,02773
MSDWild Few,0.467,4,7,10,02624
MSDWild Few,0.846,4,14,13,00134
MSDWild Few,1.136,2,1,15,02135
MSDWild Few,0.603,2,0,17,00177
MSDWild Few,0.966,2,5,28,02967
MSDWild Few,0.416,3,0,14,02370
MSDWild Few,18.73,2,10,7,02722
MSDWild Few,0.779,2,4,5,00277
MSDWild Few,2.168,2,9,14,02049
MSDWild Few,0.362,3,0,3,02906
MSDWild Few,0.476,3,25,30,02985
MSDWild Few,0.648,3,0,20,02383
MSDWild Few,1.147,2,1,13,02081
MSDWild Few,0.866,3,4,11,01999
MSDWild Few,0.676,2,13,12,01607
MSDWild Few,0.484,2,0,27,00551
MSDWild Few,0.398,4,19,7,01755
MSDWild Few,0.719,2,0,5,00431
MSDWild Few,1.481,3,10,6,01124
MSDWild Few,2.392,2,9,13,00567
MSDWild Few,1.069,3,5,10,02252
MSDWild Few,2.718,2,3,28,01697
MSDWild Few,1.473,2,1,19,01826
MSDWild Few,1.4,2,3,7,00669
MSDWild Few,0.709,2,3,8,02619
MSDWild Few,1.805,2,2,25,00104
MSDWild Few,0.479,4,22,8,00809
MSDWild Few,0.568,2,0,13,00073
MSDWild Few,0.408,2,0,21,02238
MSDWild Few,0.364,3,11,6,00540
MSDWild Few,0.416,3,4,24,02735
MSDWild Few,0.843,3,7,8,00354
MSDWild Few,0.645,2,0,18,00227
MSDWild Few,0.348,4,8,13,01229
MSDWild Few,0.701,3,12,17,02901
MSDWild Few,1.053,3,8,8,01499
MSDWild Few,1.06,2,0,19,01086
MSDWild Few,0.62,3,0,10,02544
MSDWild Few,2.175,2,2,20,00994
MSDWild Few,1.38,3,2,17,01342
MSDWild Few,1.056,3,13,7,02241
MSDWild Few,0.471,3,28,12,02595
MSDWild Few,0.536,2,4,20,01549
MSDWild Few,0.535,3,0,6,00428
MSDWild Few,0.422,2,11,11,00450
MSDWild Few,0.952,2,4,1,02464
MSDWild Few,0.631,2,0,1,02567
MSDWild Few,0.344,2,11,32,02019
MSDWild Few,0.431,2,9,10,01537
MSDWild Few,0.46,3,63,1,00465
MSDWild Few,0.487,3,12,6,01236
MSDWild Few,1.281,3,3,20,01246
MSDWild Few,0.404,2,3,10,02984
MSDWild Few,0.577,2,0,16,01536
MSDWild Few,0.824,2,5,30,02994
MSDWild Few,0.895,3,16,7,01998
MSDWild Few,1.715,2,8,18,00474
MSDWild Few,0.557,3,20,9,00347
MSDWild Few,0.433,2,3,6,02123
MSDWild Few,0.457,2,0,3,00560
MSDWild Few,0.382,2,0,31,02469
MSDWild Few,0.344,2,0,27,02169
MSDWild Few,0.759,3,0,6,00017
MSDWild Few,1.047,3,1,4,01927
MSDWild Few,0.811,2,4,22,01273
MSDWild Few,0.605,2,0,9,02271
MSDWild Few,0.749,2,1,1,00353
MSDWild Few,0.587,4,2,5,00571
MSDWild Few,0.668,3,0,14,03064
MSDWild Few,0.346,2,5,5,00788
MSDWild Few,0.365,2,4,36,01899
MSDWild Few,0.38,2,8,11,01264
MSDWild Few,0.399,3,5,12,01274
MSDWild Few,3.377,4,3,16,02802
MSDWild Few,0.77,2,3,9,01385
MSDWild Few,0.889,2,6,5,01329
MSDWild Few,1.073,2,0,30,01441
MSDWild Few,0.467,2,2,25,01500
MSDWild Few,0.796,2,0,6,02053
MSDWild Few,0.414,3,8,5,03022
MSDWild Few,0.947,2,0,8,02856
MSDWild Few,1.651,2,0,0,02971
MSDWild Few,0.471,2,0,7,02925
MSDWild Few,1.692,2,5,10,00770
MSDWild Few,0.337,4,25,2,00756
MSDWild Few,0.471,4,17,6,02753
MSDWild Few,0.815,2,2,13,00614
MSDWild Few,2.423,4,4,20,01542
MSDWild Few,0.788,2,1,4,02405
MSDWild Few,0.678,3,3,30,00856
MSDWild Few,0.919,3,8,7,00091
MSDWild Few,1.4,4,4,6,02976
MSDWild Few,0.541,2,0,39,02451
MSDWild Few,0.349,2,2,24,03054
MSDWild Few,0.416,2,3,7,01848
MSDWild Few,1.197,2,1,44,00036
MSDWild Few,1.46,4,8,9,00645
MSDWild Few,1.485,2,0,13,02960
MSDWild Few,0.343,2,6,15,01951
MSDWild Few,0.637,2,0,36,01661
MSDWild Few,0.42,3,16,20,01327
MSDWild Few,0.336,2,0,41,01664
MSDWild Few,0.703,2,10,5,01418
MSDWild Few,1.201,2,4,8,00598
MSDWild Few,0.58,4,7,10,01034
MSDWild Few,0.65,3,2,14,02934
MSDWild Few,0.723,2,14,20,01875
MSDWild Few,0.461,4,4,18,00233
MSDWild Few,0.538,2,1,6,01980
MSDWild Few,4.014,3,1,29,01719
MSDWild Few,0.591,2,21,5,00493
MSDWild Few,0.392,2,0,15,00948
MSDWild Few,0.446,3,0,13,03049
MSDWild Few,1.456,2,0,27,02680
MSDWild Few,0.471,2,5,13,00180
MSDWild Few,0.487,3,12,10,00084
MSDWild Few,0.682,4,10,7,02187
MSDWild Few,0.424,2,3,12,02828
MSDWild Few,0.891,3,31,5,02848
MSDWild Few,0.495,2,0,16,00427
MSDWild Few,1.068,2,4,40,01136
MSDWild Few,0.347,2,0,5,02869
MSDWild Few,0.356,3,4,21,02641
MSDWild Few,1.156,2,1,2,02433
MSDWild Few,0.782,2,0,35,00700
MSDWild Few,0.749,2,11,11,02161
MSDWild Few,1.56,3,35,1,02768
MSDWild Few,1.179,2,8,16,03075
MSDWild Few,1.295,2,0,32,02830
MSDWild Few,0.353,2,3,9,00666
MSDWild Few,0.522,2,3,1,02127
MSDWild Few,1.141,2,5,13,00682
MSDWild Few,0.418,2,0,13,02215
MSDWild Few,0.422,3,33,9,00090
MSDWild Few,0.457,3,6,34,00734
MSDWild Few,0.465,2,0,0,01002
MSDWild Few,2.704,2,1,14,02412
MSDWild Few,0.819,2,0,4,00852
MSDWild Few,1.134,4,8,14,00378
MSDWild Few,22.008,2,5,21,02470
MSDWild Few,0.636,2,0,39,02359
MSDWild Few,0.474,2,2,11,02692
MSDWild Few,0.68,3,3,15,02377
MSDWild Few,0.79,3,2,15,00695
MSDWild Few,1.764,3,14,6,01548
MSDWild Few,13.072,2,6,19,01830
MSDWild Few,1.035,2,6,10,01777
MSDWild Few,0.423,3,16,6,01945
MSDWild Few,0.338,2,12,9,01228
MSDWild Few,1.173,2,2,9,00222
MSDWild Few,3.092,2,2,12,01178
MSDWild Few,0.461,4,6,11,00225
MSDWild Few,0.415,2,0,21,00240
MSDWild Few,0.541,3,11,11,02365
MSDWild Few,2.425,2,3,15,00619
MSDWild Few,0.986,2,1,14,02606
MSDWild Few,1.266,2,11,20,03062
MSDWild Few,2.61,2,6,9,02160
MSDWild Few,0.873,4,11,11,02785
MSDWild Few,2.346,2,11,13,00925
MSDWild Few,0.456,3,4,13,00332
MSDWild Few,0.834,3,2,34,00631
MSDWild Few,1.265,4,22,9,02110
MSDWild Few,3.204,2,12,28,01913
MSDWild Few,0.515,2,93,-2,00844
MSDWild Few,0.405,2,21,4,00641
MSDWild Few,0.373,4,7,1,01539
MSDWild Few,0.368,2,1,14,00705
MSDWild Few,0.622,2,17,1,00668
MSDWild Few,0.575,2,0,13,01888
MSDWild Few,0.368,2,0,14,02448
MSDWild Few,0.488,2,7,14,01380
MSDWild Few,0.42,3,0,7,00066
MSDWild Few,0.348,2,10,14,00799
MSDWild Few,0.601,2,0,9,01543
MSDWild Few,0.392,2,2,15,00954
MSDWild Few,0.634,3,4,19,01484
MSDWild Few,0.393,4,0,2,02509
MSDWild Few,0.429,2,13,8,01399
MSDWild Few,0.493,4,16,5,00144
MSDWild Few,0.509,2,1,30,02305
MSDWild Few,0.357,4,15,10,02218
MSDWild Few,0.611,3,18,10,00996
MSDWild Few,0.387,4,21,12,00785
MSDWild Few,1.031,2,6,27,01866
MSDWild Few,0.56,2,5,0,00475
MSDWild Few,1.495,2,2,35,02662
MSDWild Few,0.69,2,1,11,01092
MSDWild Few,0.951,2,0,9,00481
MSDWild Few,0.338,3,0,10,00628
MSDWild Few,0.454,4,6,1,00991
MSDWild Few,2.721,3,5,7,01191
MSDWild Few,3.387,2,7,13,01356
MSDWild Few,0.402,2,7,7,03070
MSDWild Few,3.024,4,21,3,01157
MSDWild Few,0.642,2,9,20,01726
MSDWild Few,8.651,2,0,31,01540
MSDWild Few,0.503,4,12,4,00433
MSDWild Few,0.378,4,0,6,01772
MSDWild Few,0.765,3,0,0,02972
MSDWild Few,0.53,4,10,2,00053
MSDWild Few,0.91,2,0,11,02515
MSDWild Few,0.492,2,0,14,01070
MSDWild Few,0.776,4,9,23,01009
MSDWild Few,0.539,3,2,9,01333
MSDWild Few,1.153,2,0,9,02190
MSDWild Few,1.364,4,13,5,00801
MSDWild Few,1.463,2,1,8,00677
MSDWild Few,1.369,3,13,11,01019
MSDWild Few,0.361,4,1,14,03014
MSDWild Few,0.784,4,0,0,03028
MSDWild Few,0.81,3,0,24,00740
MSDWild Few,0.343,2,8,22,02866
MSDWild Few,0.462,2,4,0,00313
MSDWild Few,1.171,4,17,5,02061
MSDWild Few,0.405,3,4,20,02074
MSDWild Few,0.464,2,6,6,01457
MSDWild Few,0.409,3,6,10,02319
MSDWild Few,0.384,2,6,18,02899
MSDWild Few,0.43,3,9,4,01370
MSDWild Few,1.42,2,9,14,00872
MSDWild Few,1.056,4,7,15,02677
MSDWild Few,1.561,2,4,17,00328
MSDWild Few,0.411,3,0,21,01240
MSDWild Few,0.749,2,6,5,00817
MSDWild Few,0.354,3,7,9,02293
MSDWild Few,0.62,2,2,21,02751
MSDWild Few,0.432,2,4,13,01031
MSDWild Few,0.778,2,0,46,01909
MSDWild Few,1.627,2,2,38,02047
MSDWild Few,0.634,4,1,12,01914
MSDWild Few,0.382,2,0,6,01266
MSDWild Few,0.704,2,3,2,02150
MSDWild Few,0.557,2,0,10,00701
MSDWild Few,1.023,3,11,16,02301
MSDWild Few,0.409,2,9,18,02817
MSDWild Few,0.458,2,3,5,00882
MSDWild Few,0.949,3,14,5,02036
MSDWild Few,0.644,3,0,10,02189
MSDWild Few,0.517,2,5,11,00778
MSDWild Few,0.345,3,3,43,01392
MSDWild Few,0.461,2,0,13,01568
MSDWild Few,0.553,3,3,5,02883
MSDWild Few,1.459,3,16,8,01137
MSDWild Few,0.362,4,4,16,00532
MSDWild Few,0.832,2,8,14,02693
MSDWild Few,16.97,2,3,44,02138
MSDWild Few,1.285,3,5,9,01180
MSDWild Few,2.062,2,2,4,02991
MSDWild Few,0.53,4,10,2,01660
MSDWild Few,0.749,2,0,18,02285
MSDWild Few,0.401,2,0,13,00808
MSDWild Few,0.704,2,0,13,00917
MSDWild Few,1.636,2,0,20,01182
MSDWild Few,1.647,2,3,14,01509
MSDWild Few,1.399,3,3,10,01939
MSDWild Few,0.658,4,9,8,02881
MSDWild Few,1.513,2,0,28,00982
MSDWild Few,0.552,4,13,13,02388
MSDWild Few,0.911,2,9,17,01725
MSDWild Few,0.409,3,5,10,01594
MSDWild Few,0.467,4,8,10,00864
MSDWild Few,0.713,4,5,7,02978
MSDWild Few,6.402,3,4,20,02631
MSDWild Few,0.375,3,9,30,02025
MSDWild Few,0.361,2,0,6,03138
MSDWild Few,0.535,4,12,9,01398
MSDWild Few,0.411,3,0,11,01330
MSDWild Few,1.081,2,3,18,00557
MSDWild Few,1.632,2,3,27,02759
MSDWild Few,0.682,4,10,7,02176
MSDWild Few,3.927,2,5,5,02535
MSDWild Few,0.603,2,7,8,01197
MSDWild Few,0.455,4,12,2,00737
MSDWild Few,1.089,2,21,7,02864
MSDWild Few,0.346,2,4,12,00215
MSDWild Few,0.472,3,1,6,00762
MSDWild Few,0.337,3,24,2,02974
MSDWild Few,1.976,3,6,10,00169
MSDWild Few,0.418,3,0,3,02778
MSDWild Few,1.017,2,3,16,01943
MSDWild Few,0.39,3,0,28,02891
MSDWild Few,0.471,4,35,0,00949
MSDWild Few,0.996,2,1,39,01378
MSDWild Few,6.909,3,5,17,00018
MSDWild Few,1.547,2,2,17,02364
MSDWild Few,0.568,3,0,18,00298
MSDWild Few,0.451,2,0,17,02374
MSDWild Few,1.002,2,0,18,02589
MSDWild Few,1.137,2,8,11,02265
MSDWild Few,0.53,3,0,2,02465
MSDWild Few,0.431,2,8,10,02663
MSDWild Few,2.695,2,45,2,00897
MSDWild Few,0.88,4,14,3,00099
MSDWild Few,0.404,3,2,16,02629
MSDWild Few,0.538,3,0,9,01320
MSDWild Few,0.539,2,2,8,02532
MSDWild Few,0.78,3,0,4,01763
MSDWild Few,1.57,2,5,18,02316
MSDWild Few,0.459,2,32,10,00604
MSDWild Few,0.63,2,10,13,01855
MSDWild Few,1.035,2,6,10,00282
MSDWild Few,0.682,2,2,42,02942
MSDWild Few,3.024,2,3,37,00585
MSDWild Few,9.4,2,0,1,02508
MSDWild Few,0.35,2,0,2,00980
MSDWild Few,1.206,3,16,10,01989
MSDWild Few,0.668,2,0,23,02035
MSDWild Few,0.422,3,0,9,00888
MSDWild Few,0.775,4,0,7,00743
MSDWild Few,0.438,3,8,8,01424
MSDWild Few,0.358,2,18,4,01874
MSDWild Few,0.512,2,1,4,00572
MSDWild Few,0.336,3,2,5,02944
MSDWild Few,1.381,3,29,2,02897
MSDWild Few,0.362,4,30,11,00235
MSDWild Few,2.933,2,2,25,01487
MSDWild Few,1.628,4,3,8,02021
MSDWild Few,0.543,2,8,6,01520
MSDWild Few,0.408,2,2,11,00190
MSDWild Few,0.852,2,6,31,00942
MSDWild Few,0.82,2,2,13,03135
MSDWild Few,2.311,3,6,6,01087
MSDWild Few,0.958,3,5,24,01827
MSDWild Few,3.631,2,7,16,00573
MSDWild Few,0.676,2,12,12,01825
MSDWild Few,0.51,2,0,5,01912
MSDWild Few,0.543,2,14,10,01700
MSDWild Few,0.679,2,7,5,01172
MSDWild Few,1.442,2,2,28,02314
MSDWild Few,0.341,3,7,17,02736
MSDWild Few,1.214,2,0,7,00341
MSDWild Few,0.824,2,0,43,02093
MSDWild Few,1.179,2,8,16,01170
MSDWild Few,0.737,2,28,1,00200
MSDWild Few,0.739,3,1,10,03078
MSDWild Few,0.844,3,17,2,02605
MSDWild Few,0.524,2,7,14,01617
MSDWild Few,0.461,4,3,9,01731
MSDWild Few,1.201,2,4,8,00660
MSDWild Few,1.324,2,5,20,02227
MSDWild Few,0.844,2,6,5,02564
MSDWild Few,2.693,4,5,12,02153
MSDWild Few,0.459,2,0,18,00329
MSDWild Few,0.354,2,0,4,01672
MSDWild Few,0.372,3,6,9,01321
MSDWild Few,0.402,2,16,2,00972
MSDWild Few,1.075,2,13,12,02823
MSDWild Few,0.366,2,0,14,01198
MSDWild Few,0.55,2,1,44,01599
MSDWild Few,0.415,2,1,40,00246
MSDWild Few,0.359,2,9,6,01195
MSDWild Few,2.472,4,4,17,00804
MSDWild Few,0.432,3,11,6,02596
MSDWild Few,5.521,2,2,13,01859
MSDWild Few,0.641,2,2,7,00133
MSDWild Few,0.4,2,0,9,00302
MSDWild Few,0.918,2,7,-2,02340
MSDWild Few,0.798,2,0,17,01158
MSDWild Few,2.338,3,4,23,01967
MSDWild Few,0.404,4,40,8,02683
MSDWild Few,0.587,4,2,5,01169
MSDWild Few,0.445,3,5,3,03043
MSDWild Few,0.557,3,13,5,02867
MSDWild Few,0.991,2,2,8,01764
MSDWild Few,0.421,3,0,6,01257
MSDWild Few,0.704,3,0,33,00501
MSDWild Few,0.58,4,8,11,01796
MSDWild Few,1.277,2,4,20,00208
MSDWild Few,0.518,3,0,9,02459
MSDWild Few,0.885,2,5,1,00369
MSDWild Few,1.067,3,5,14,00635
MSDWild Few,0.36,2,14,13,01433
MSDWild Few,2.102,4,3,9,01196
MSDWild Few,0.488,2,45,0,02766
MSDWild Few,1.579,3,5,17,02394
MSDWild Few,0.339,2,0,9,01296
MSDWild Few,0.342,2,0,43,00957
MSDWild Few,3.525,4,2,27,00636
MSDWild Few,0.672,2,6,20,02743
MSDWild Few,2.033,2,0,14,00850
MSDWild Few,1.276,2,43,0,01325
MSDWild Few,1.025,2,6,28,02832
MSDWild Few,1.361,3,1,9,02995
MSDWild Few,3.392,2,2,13,01348
MSDWild Few,2.954,2,1,5,01407
MSDWild Few,0.765,4,11,3,00242
MSDWild Few,3.092,2,2,12,01788
MSDWild Few,0.433,3,21,2,01740
MSDWild Few,0.712,3,6,29,02020
MSDWild Few,0.469,2,25,5,02109
MSDWild Few,1.144,3,1,15,01324
MSDWild Few,0.372,3,3,8,02852
MSDWild Few,3.365,3,3,22,01893
MSDWild Few,0.411,2,11,1,01344
MSDWild Few,1.051,3,8,14,03055
MSDWild Few,0.382,3,48,-1,00535
MSDWild Few,0.465,3,3,12,00719
MSDWild Few,5.045,3,10,15,02325
MSDWild Few,0.517,3,25,2,01288
MSDWild Few,0.338,4,7,7,03129
MSDWild Few,5.813,2,1,3,00562
MSDWild Few,1.374,4,12,5,00928
MSDWild Few,0.394,2,0,10,00745
MSDWild Few,0.422,3,28,9,01567
MSDWild Few,0.486,4,20,8,01674
MSDWild Few,1.676,4,4,9,01657
MSDWild Few,1.226,3,3,13,00995
MSDWild Few,0.77,4,32,10,02003
MSDWild Few,1.911,3,4,14,00947
MSDWild Few,4.657,2,12,24,02062
MSDWild Few,6.276,2,7,26,00029
MSDWild Few,0.444,2,18,11,01281
MSDWild Few,0.412,2,5,12,00902
MSDWild Few,0.387,3,0,3,01774
MSDWild Few,0.405,2,0,1,01432
MSDWild Few,12.228,4,10,34,02678
MSDWild Few,0.411,4,49,3,00342
MSDWild Few,1.995,4,13,12,00706
MSDWild Few,0.786,4,11,4,01290
MSDWild Few,0.598,4,25,6,02837
MSDWild Few,0.882,2,2,11,02513
MSDWild Few,0.639,3,2,2,00028
MSDWild Few,0.474,3,15,20,00080
MSDWild Few,0.557,3,8,6,01688
MSDWild Few,1.745,2,7,25,02005
MSDWild Few,2.724,2,1,33,01211
MSDWild Few,0.685,2,1,8,01152
MSDWild Few,0.558,2,10,15,02536
MSDWild Few,0.357,4,10,14,00387
MSDWild Few,0.558,2,10,15,01527
MSDWild Few,14.143,2,3,15,01443
MSDWild Few,0.372,2,10,12,01452
MSDWild Few,0.682,2,1,10,00423
MSDWild Few,0.703,2,3,13,02295
MSDWild Few,2.029,3,5,19,00449
MSDWild Few,0.872,4,13,13,00198
MSDWild Few,1.126,3,2,21,02590
MSDWild Few,0.713,2,5,6,02457
MSDWild Few,0.421,2,0,22,00297
MSDWild Few,0.536,2,4,0,02373
MSDWild Few,1.055,2,0,2,02380
MSDWild Few,2.505,2,8,14,02386
MSDWild Few,2.449,2,1,43,02621
MSDWild Few,0.487,2,15,15,01429
MSDWild Few,0.375,2,5,8,01167
MSDWild Few,0.337,4,25,2,01791
MSDWild Few,0.727,3,5,16,00689
MSDWild Few,0.343,2,8,22,00973
MSDWild Few,0.337,3,27,18,00239
MSDWild Few,0.639,2,13,5,01834
MSDWild Few,0.384,3,9,6,02650
MSDWild Few,0.459,2,6,6,00683
MSDWild Few,9.409,4,2,21,00241
MSDWild Few,0.354,2,0,11,02749
MSDWild Few,1.693,3,6,17,01976
MSDWild Few,5.14,2,3,12,02098
MSDWild Few,0.37,2,0,6,01032
MSDWild Few,0.361,3,0,4,00708
MSDWild Few,0.898,2,0,10,01284
MSDWild Few,0.353,3,7,4,01511
MSDWild Few,0.442,3,22,22,01447
MSDWild Few,0.907,2,1,19,02611
MSDWild Few,1.13,2,32,2,00603
MSDWild Few,0.515,3,0,6,02885
MSDWild Few,0.39,3,0,-1,02221
MSDWild Few,0.343,2,4,16,00386
MSDWild Many,1.362,5,2,2,01691
MSDWild Many,0.431,5,7,3,00746
MSDWild Many,0.657,5,20,15,02130
MSDWild Many,0.938,5,56,7,01036
MSDWild Many,0.418,6,32,-2,01865
MSDWild Many,0.494,5,7,7,01521
MSDWild Many,0.62,5,0,13,00523
MSDWild Many,0.397,5,26,3,01111
MSDWild Many,0.655,5,23,9,01097
MSDWild Many,0.442,5,0,3,00906
MSDWild Many,1.697,6,14,4,02951
MSDWild Many,0.432,5,0,16,00783
MSDWild Many,20.0,6,0,22,00206
MSDWild Many,0.413,5,12,4,01340
MSDWild Many,0.796,5,10,5,01649
MSDWild Many,2.429,8,5,4,01668
MSDWild Many,0.922,9,19,4,00417
MSDWild Many,20.0,9,0,21,01151
MSDWild Many,0.357,5,6,-1,01434
MSDWild Many,1.565,8,16,7,00938
MSDWild Many,0.564,5,11,10,00059
MSDWild Many,0.573,6,14,2,00248
MSDWild Many,1.315,6,12,9,01694
MSDWild Many,0.346,5,10,1,01458
MSDWild Many,0.661,6,4,1,02399
MSDWild Many,0.495,5,14,1,01820
MSDWild Many,0.592,9,11,19,00934
MSDWild Many,0.358,6,39,4,01554
MSDWild Many,0.777,6,0,6,02878
MSDWild Many,1.613,5,1,16,00840
MSDWild Many,1.875,5,11,6,02904
MSDWild Many,0.633,5,4,6,02913
MSDWild Many,0.463,5,15,8,02644
MSDWild Many,0.637,6,28,-2,00471
MSDWild Many,0.373,5,31,3,02709
MSDWild Many,1.045,8,6,8,02443
MSDWild Many,0.491,7,36,7,02250
MSDWild Many,0.428,5,0,5,01012
MSDWild Many,0.47,7,12,5,02895
MSDWild Many,1.031,5,7,4,00727
MSDWild Many,0.576,5,2,9,01559
MSDWild Many,0.621,5,28,8,00776
MSDWild Many,0.557,5,5,14,00600
MSDWild Many,0.935,5,1,5,00430
MSDWild Many,1.031,9,4,1,01368
MSDWild Many,0.419,7,53,0,01768
MSDWild Many,0.569,5,4,8,01112
MSDWild Many,1.061,4,5,3,01003
MSDWild Many,0.595,5,9,8,00443
MSDWild Many,1.656,5,9,5,01242
MSDWild Many,0.351,6,0,-2,00678
MSDWild Many,5.171,5,0,12,02243
MSDWild Many,1.541,5,0,-2,00919
MSDWild Many,13.889,5,0,11,01065
MSDWild Many,0.74,5,6,2,00170
MSDWild Many,0.374,6,37,3,00823
MSDWild Many,1.012,5,12,18,03141
MSDWild Many,0.546,5,0,-1,01663
MSDWild Many,0.417,7,45,3,00162
MSDWild Many,0.589,5,9,13,00269
MSDWild Many,1.036,7,10,4,03047
MSDWild Many,0.342,6,0,10,01261
MSDWild Many,0.719,5,18,4,02258
MSDWild Many,1.6,5,25,2,01067
MSDWild Many,0.44,5,37,-2,02870
MSDWild Many,0.436,7,39,4,00179
MSDWild Many,0.371,7,13,3,02795
MSDWild Many,0.623,5,10,-2,00939
MSDWild Many,3.047,5,3,20,01616
MSDWild Many,0.373,5,26,5,00131
MSDWild Many,0.471,6,12,4,01803
MSDWild Many,0.509,5,8,15,00820
MSDWild Many,1.855,5,15,5,01955
MSDWild Many,0.389,8,30,10,00692
MSDWild Many,1.471,5,8,9,03031
MSDWild Many,2.825,5,14,11,02541
MSDWild Many,2.293,6,17,14,01703
MSDWild Many,0.676,5,13,4,00760
MSDWild Many,0.54,5,14,16,00128
MSDWild Many,0.977,9,7,10,03010
MSDWild Many,0.766,5,2,2,01166
MSDWild Many,0.646,7,17,3,02584
MSDWild Many,0.389,5,57,-3,00554
MSDWild Many,0.409,7,32,6,02116
MSDWild Many,1.517,5,7,13,01104
MSDWild Many,0.367,6,4,8,00025
MSDWild Many,1.22,5,22,7,02752
MSDWild Many,0.922,5,12,7,01337
MSDWild Many,0.543,5,10,8,02790
MSDWild Many,0.437,4,6,2,00780
MSDWild Many,1.036,9,5,7,02552
MSDWild Many,0.567,5,23,5,00429
MSDWild Many,0.505,9,14,6,00008
MSDWild Many,0.765,5,11,2,00663
MSDWild Many,1.085,5,12,4,02289
MSDWild Many,1.468,6,9,5,02144
MSDWild Many,0.335,6,7,14,01461
MSDWild Many,0.69,5,25,1,02071
MSDWild Many,4.607,7,10,5,02441
MSDWild Many,0.885,6,22,3,02707
MSDWild Many,1.246,5,10,0,00841
MSDWild Many,1.604,8,11,9,01118
MSDWild Many,0.588,5,0,7,01253
MSDWild Many,1.407,5,0,15,00392
MSDWild Many,0.595,6,6,13,01011
MSDWild Many,0.382,9,6,7,01935
MSDWild Many,0.38,5,7,7,01008
MSDWild Many,0.377,8,28,5,00055
MSDWild Many,0.966,7,11,9,00978
MSDWild Many,0.591,5,13,14,02737
MSDWild Many,1.766,6,52,9,02808
MSDWild Many,0.363,5,0,-1,00070
MSDWild Many,0.417,5,6,7,00990
MSDWild Many,1.008,5,14,4,01662
MSDWild Many,0.99,6,9,3,02409
MSDWild Many,2.621,5,5,3,02040
MSDWild Many,0.607,6,3,13,01497
MSDWild Many,0.44,4,8,13,01219
MSDWild Many,0.892,7,15,-1,02311
MSDWild Many,0.374,5,37,3,01068
MSDWild Many,0.853,5,6,4,01997
MSDWild Many,1.206,5,2,4,02329
MSDWild Many,1.528,5,0,-2,00714
MSDWild Many,0.642,5,18,1,01345
MSDWild Many,1.968,5,7,15,02868
MSDWild Many,1.18,5,10,-1,00077
MSDWild Many,0.921,5,10,10,01596
MSDWild Many,12.076,7,4,6,02341
MSDWild Many,0.459,6,9,7,00004
MSDWild Many,4.658,7,14,15,00927
MSDWild Many,0.962,8,51,4,02162
MSDWild Many,0.471,5,63,-2,01771
MSDWild Many,3.489,5,12,9,01265
MSDWild Many,0.371,6,13,3,02436
MSDWild Many,0.824,4,2,12,00340
MSDWild Many,0.359,8,11,3,00254
MSDWild Many,1.156,5,11,5,02646
MSDWild Many,1.259,5,5,7,01580
MSDWild Many,0.89,5,8,-1,02846
MSDWild Many,0.694,5,37,1,02239
MSDWild Many,1.25,5,8,9,00769
MSDWild Many,0.349,7,5,5,00656
MSDWild Many,0.37,6,4,6,02418
MSDWild Many,1.664,5,1,23,02825
MSDWild Many,1.953,6,23,12,00548
MSDWild Many,0.715,10,19,2,00877
MSDWild Many,2.373,6,3,7,00646
MSDWild Many,0.494,9,2,15,01267
MSDWild Many,0.39,6,39,14,00777
MSDWild Many,2.046,5,4,22,00721
MSDWild Many,0.824,5,10,3,00616
MSDWild Many,0.372,8,43,1,02242
MSDWild Many,0.55,5,3,12,03114
MSDWild Many,0.661,5,12,7,01039
MSDWild Many,0.687,5,0,25,01491
MSDWild Many,1.224,5,10,11,01372
MSDWild Many,0.436,7,39,4,02446
MSDWild Many,4.771,5,0,-3,02404
MSDWild Many,1.765,6,9,1,02497
MSDWild Many,0.617,6,18,4,00935
MSDWild Many,0.576,6,0,4,01793
MSDWild Many,0.517,9,0,2,00398
MSDWild Many,1.089,9,14,0,02209
MSDWild Many,0.389,5,9,5,00913
MSDWild Many,0.527,5,0,15,02339
MSDWild Many,0.959,5,13,6,01984
MSDWild Many,0.675,6,9,-1,01954
MSDWild Many,0.956,7,15,3,03020
MSDWild Many,13.854,5,3,12,00884
MSDWild Many,2.206,5,11,10,00816
MSDWild Many,0.404,8,50,-1,02260
MSDWild Many,0.406,3,32,2,02712
MSDWild Many,0.491,5,1,18,00401
MSDWild Many,0.694,7,8,9,01744
MSDWild Many,1.399,8,10,11,02180
MSDWild Many,0.407,6,42,10,01247
MSDWild Many,0.558,6,22,8,01641
